,movie_names,ratings,voting_counts,duration_minutes,genre
0,Gladiator II,6.5,249000,148,adventure
1,Venom: The Last Dance,6.0,128000,110,adventure
2,Dune: Part Two,8.5,639000,166,adventure
3,Twisters,6.5,175000,122,adventure
4,Deadpool & Wolverine,7.5,505000,128,adventure
5,Kraven the Hunter,5.5,62000,127,adventure
6,Freaky Tales,6.2,6900,107,adventure
7,Moana 2,6.6,108000,100,adventure
8,Flow,7.9,83000,85,adventure
9,Mufasa: The Lion King,6.6,70000,118,adventure
10,Furiosa: A Mad Max Saga,7.5,290000,148,adventure
11,The Count of Monte-Cristo,7.6,37000,178,adventure
12,Sonic the Hedgehog 3,6.9,64000,110,adventure
13,Paddington in Peru,6.7,25000,106,adventure
14,The Unholy Trinity,6.7,115,95,adventure
15,Transformers One,7.6,54000,104,adventure
16,Ghostbusters: Frozen Empire,6.1,95000,115,adventure
17,Inside Out 2,7.5,221000,96,adventure
18,Borderlands,4.7,50000,101,adventure
19,Despicable Me 4,6.2,68000,94,adventure
20,The Return,6.2,10000,116,adventure
21,Bad Boys: Ride or Die,6.5,102000,115,adventure
22,The Lord of the Rings: The War of the Rohirrim,6.3,33000,134,adventure
23,Kingdom of the Planet of the Apes,6.8,154000,145,adventure
24,Godzilla x Kong: The New Empire,6.0,124000,115,adventure
25,Damsel,6.1,111000,110,adventure
26,Kung Fu Panda 4,6.3,70000,94,adventure
27,Red One,6.3,142000,123,adventure
28,The Day the Earth Blew Up: A Looney Tunes Movie,6.9,5300,91,adventure
29,Uglies,4.7,34000,100,adventure
30,Attack on Titan the Movie: The Last Attack,9.2,17000,145,adventure
31,Spaceman,5.7,44000,107,adventure
32,Kalki 2898 AD,7.0,68000,180,adventure
33,Solo Leveling: ReAwakening,8.8,14000,121,adventure
34,Survive,4.6,3000,90,adventure
35,Lost on a Mountain in Maine,6.1,1500,98,adventure
36,Harold and the Purple Crayon,5.7,8800,90,adventure
37,Wallace & Gromit: Vengeance Most Fowl,7.5,36000,82,adventure
38,Atlas,5.6,57000,118,adventure
39,The Garfield Movie,5.7,25000,101,adventure
40,Sunlight,7.6,30,96,adventure
41,Arthur the King,7.0,35000,107,adventure
42,Monster Summer,5.7,4000,97,adventure
43,Rebel Moon - Part Two: The Scargiver,5.3,60000,122,adventure
44,Spellbound,5.5,7800,109,adventure
45,My Penguin Friend,6.8,5700,97,adventure
46,Descendants: The Rise of Red,4.7,7200,91,adventure
47,Orion and the Dark,6.3,18000,93,adventure
48,Sketch,8.3,66,92,adventure
49,Badland Hunters,5.9,13000,107,adventure
50,No Way Up,4.6,11000,90,adventure
51,River of Blood,5.0,1900,86,adventure
52,The Goat Life,7.1,48000,173,adventure
53,Bookworm,6.0,2000,103,adventure
54,Sasquatch Sunset,5.4,5600,88,adventure
55,Doraemon the Movie: Nobita's Earth Symphony,6.6,1600,115,adventure
56,Winner,6.5,2600,103,adventure
57,Night of the Zoopocalypse,6.0,888,91,adventure
58,Manjummel Boys,8.2,28000,135,adventure
59,Justice League: Crisis on Infinite Earths - Part One,6.2,8700,93,adventure
60,Family Pack,5.5,9500,94,adventure
61,That Christmas,6.8,17000,91,adventure
62,Overlord: The Sacred Kingdom,6.9,1400,135,adventure
63,Crayon Shin-chan: Our Dinosaur Diary,6.6,587,106,adventure
64,"I, the Executioner",6.3,2000,118,adventure
65,Escape from the 21st Century,6.4,1000,98,adventure
66,Saint-Exupéry,5.4,484,98,adventure
67,Dragonkeeper,5.7,1800,98,adventure
68,Something in the Water,4.1,5000,86,adventure
69,Justice League: Crisis on Infinite Earths - Part Three,6.1,4700,94,adventure
70,Thelma the Unicorn,5.7,3000,93,adventure
71,Megamind vs. The Doom Syndicate,2.5,5700,83,adventure
72,Cult Killer,4.8,2900,105,adventure
73,Hanu Man,7.7,29000,158,adventure
74,The Best Christmas Pageant Ever,6.8,6200,99,adventure
75,Justice League: Crisis on Infinite Earths - Part Two,5.6,5600,94,adventure
76,A Legend,4.7,1000,129,adventure
77,The Last Redemption,6.9,5200,122,adventure
78,Diving Into the Darkness,8.9,90,96,adventure
79,Ultraman: Rising,6.9,6500,117,adventure
80,Anaconda,4.9,662,84,adventure
81,Demon Slayer: Kimetsu No Yaiba - To the Hashira Training,7.2,8800,104,adventure
82,Son's Will,7.4,1000,148,adventure
83,The Courier,6.0,4500,101,adventure
84,This Too Shall Pass,8.5,18,105,adventure
85,Escape,6.4,2200,94,adventure
86,My Hero Academia: You're Next,7.0,2600,110,adventure
87,The Empire,5.2,1300,110,adventure
88,200% Wolf,5.9,1300,98,adventure
89,Buffalo Kids,6.6,768,93,adventure
90,At Her Feet,7.2,51,100,adventure
91,The Wages of Fear,4.6,4200,104,adventure
92,My Oni Girl,6.0,1800,112,adventure
93,Kanguva,4.5,15000,152,adventure
94,Bureau 749,4.0,575,123,adventure
95,Seeds,5.0,219,82,adventure
96,Golden Kamuy,6.3,2600,127,adventure
97,Bambi: A Tale of Life in the Woods,5.6,239,78,adventure
98,No Chains No Masters,6.3,648,98,adventure
99,Cells at Work!,6.7,411,109,adventure
100,Thangalaan,6.5,6800,156,adventure
101,The Price of Money: A Largo Winch Adventure,5.1,1300,100,adventure
102,A.R.M,7.1,8900,150,adventure
103,Diplodocus,6.3,196,90,adventure
104,The Tiger's Apprentice,5.8,2200,84,adventure
105,Bade Miyan Chote Miyan,3.7,39000,163,adventure
106,The Twisters,2.6,389,86,adventure
107,The Kingdom,7.0,143,133,adventure
108,Sixty Minutes,5.7,5200,88,adventure
109,Marianengraben,7.3,93,87,adventure
110,Never Look Away,7.2,283,85,adventure
111,The Backrooms,8.2,15,63,adventure
112,Kalvan,5.6,989,142,adventure
113,The Mountain,6.6,164,89,adventure
114,Devil's Knight,5.3,960,90,adventure
115,Eat the Night,6.0,558,106,adventure
116,Chuck Billy and the Marvelous Guava Tree,7.4,1200,90,adventure
117,Hitpig,5.1,1100,86,adventure
118,Dalia and the Red Book,5.9,145,107,adventure
119,Meanwhile on Earth,6.0,950,89,adventure
120,Empire Queen: The Golden Age of Magic,3.2,229,148,adventure
121,Woody Woodpecker Goes to Camp,4.5,2600,100,adventure
122,Unspeakable: Beyond the Wall of Sleep,5.2,85,90,adventure
123,Saving Bikini Bottom: The Sandy Cheeks Movie,3.7,4000,82,adventure
124,Kaizen,7.1,731,160,adventure
125,Five Friends,6.7,955,112,adventure
126,Robin and the Hoods,4.3,540,100,adventure
127,Gladiators,4.5,109,95,adventure
128,Autumn and the Black Jaguar,5.6,1000,100,adventure
129,A Sloth Story,5.6,231,90,adventure
130,Noah's Ark,4.3,697,96,adventure
131,Man and Witch: The Dance of a Thousand Steps,5.5,350,94,adventure
132,Rebellious,6.1,232,94,adventure
133,Angels Fallen: Warriors of Peace,4.8,5800,103,adventure
134,Nintama Rantaro Dokutake Ninja-tai Saikyou no Gunshi,7.3,39,90,adventure
135,Formed Police Unit,4.7,1400,120,adventure
136,Lumina,2.1,701,113,adventure
137,Operation Blood Hunt,3.4,510,93,adventure
138,The Last Ronin,4.9,591,115,adventure
139,Now or Never!,2.2,17000,0,adventure
140,The Firing Squad,5.1,5100,93,adventure
141,Panda Bear in Africa,5.5,369,84,adventure
142,Roadkill,3.7,693,90,adventure
143,Sam and Colby: The Legends of the Paranormal,4.8,314,98,adventure
144,Its Name Was Mormo,3.6,126,93,adventure
145,Operation: Raqqa,5.6,290,107,adventure
146,Bionic,4.3,1800,110,adventure
147,War of the Worlds: Extinction,3.0,213,84,adventure
148,No Time to Spy: A Loud House Movie,6.3,488,81,adventure
149,The Keepers of the 5 Kingdoms,4.0,228,109,adventure
150,Going Viral,8.3,300,90,adventure
151,Captain Miller,6.9,11000,157,adventure
152,Ayalaan,5.9,4000,155,adventure
153,Ice Maiden,8.6,83,90,adventure
154,Dongeng Sang Kancil,6.7,216,99,adventure
155,Pimpinero: Blood and Oil,5.6,571,121,adventure
156,Gaami,6.3,2100,147,adventure
157,Guest from the Future,6.0,1200,141,adventure
158,Witch Hunter,4.8,26,80,adventure
159,The Last of Us: Immunity,4.2,30,64,adventure
160,The Magician's Raincoat,5.0,128,0,adventure
161,The Lost Tiger,7.9,50,90,adventure
162,My Freaky Family,6.2,422,86,adventure
163,Barroz: Guardian of Treasures,3.4,1000,155,adventure
164,WWII: Operation Phoenix,5.8,98,106,adventure
165,Z-Mom,5.0,46,90,adventure
166,Seeking the King,6.0793103448275865,0,90,adventure
167,Seven Seas Seven Hills,8.5,94,90,adventure
168,School of Magical Animals 3,5.8,341,105,adventure
169,Big City Greens the Movie: Spacecation,6.2,569,83,adventure
170,Return to Wickensburg,5.1,57,88,adventure
171,Mobile Suit Gundam SEED Freedom,6.6,979,124,adventure
172,Storm Crashers,6.2,578,88,adventure
173,Little Emma,5.4,132,106,adventure
174,The Adventures of Jurassic Pet: Return to the Wild,5.5,76,90,adventure
175,Space Ranger,3.5,84,0,adventure
176,Elli and the Ghostly Ghost Train,5.1,109,86,adventure
177,Major Grom: The Game,6.1,1900,168,adventure
178,Road Wars: Max Fury,2.0,367,83,adventure
179,Un lío de millones,5.3,254,91,adventure
180,The Casagrandes Movie,5.6,688,89,adventure
181,Gracie and Pedro: Pets to the Rescue,5.0,287,87,adventure
182,Mong Vuot,5.0,170,96,adventure
183,The Waves of Madness,5.8,96,68,adventure
184,Spiders on a Plane,4.9,379,78,adventure
185,Taklee Genesis x Worlds Collide,5.4,428,146,adventure
186,Tanning Zone,6.0793103448275865,0,90,adventure
187,The Big Trip 3: Race Around the World,5.7,66,85,adventure
188,All for One,1.4,676,97,adventure
189,Rally Caps,5.5,143,100,adventure
190,Fox & Hare Save the Forest,5.9,216,71,adventure
191,The Traveller,5.2,213,134,adventure
192,Ghost Island,7.4,50,95,adventure
193,Chhota Bheem and the Curse of Damyaan,4.8,2300,145,adventure
194,Treasure Trackers,5.8,169,92,adventure
195,Teenz,4.4,867,122,adventure
196,My Redneck Neighbor: Chapter 2 - Let the Games Begin,6.6,9,55,adventure
197,The Blinkless,6.9,16,59,adventure
198,Earthquake Underground,3.3,202,83,adventure
199,Alpha.,6.9,259,100,adventure
200,I Heart Robots,4.6,2400,76,adventure
201,One Million Babes BC,2.2,88,75,adventure
202,Oculus,6.0,15,113,adventure
203,Stinky Summer,5.6,56,90,adventure
204,The Phantom Warrior,2.4,556,119,adventure
205,The Goat,5.9,386,91,adventure
206,Odio el verano,5.1,610,103,adventure
207,"Maya, donne-moi un titre",6.3,62,61,adventure
208,Era Oculta,6.0793103448275865,0,80,adventure
209,Dragon Ball Z Kai,8.6,83,82,adventure
210,Planetquake,3.0,319,85,adventure
211,Ahl Al Kahf,5.3,286,120,adventure
212,Gepack,6.6,370,97,adventure
213,A Trip Elsewhere,5.5,111,93,adventure
214,The Epidemic,5.9,71,95,adventure
215,Birds Flying East,5.8,598,100,adventure
216,Jathara,7.8,1100,129,adventure
217,Trifole,7.5,59,100,adventure
218,Naa Saami Ranga,4.5,1200,150,adventure
219,Niko: Beyond the Northern Lights,6.1,352,86,adventure
220,Dünya Varmis,6.6,68,100,adventure
221,Bull Shark 3,3.5,91,76,adventure
222,Jurassic Triangle,2.4,287,84,adventure
223,Warrior Awang and Master Tok Gajah,4.6,484,118,adventure
224,"Silex and the City, le film",4.9,54,77,adventure
225,Appu,8.5,188,92,adventure
226,Oro Negro,6.0793103448275865,0,90,adventure
227,Shrek 5: The Contract - A Fan Made Film,7.2,21,84,adventure
228,Game On,2.6,357,85,adventure
229,76 Days Adrift,6.0793103448275865,0,105,adventure
230,Tokusou Sentai Dekaranger 20th: Fireball Booster,7.2,36,50,adventure
231,Rocky Road to Berlin,7.2,1500,104,adventure
232,Buddy,3.8,357,137,adventure
233,My Fathers' Daughter,6.5,83,78,adventure
234,Vertical,5.2,147,111,adventure
235,Next to Us,4.8,229,125,adventure
236,Amazon Bullseye,5.2,218,113,adventure
237,Zak & Wowo: The Legend of Lendarys,5.7,102,85,adventure
238,Bremenskie muzykanty,4.6,694,115,adventure
239,Güzel Bir Rüya,4.6,48,79,adventure
240,Si Juki the Movie: Harta Pulau Monyet,6.0,128,107,adventure
241,I Left My Heart in Colombia,8.4,425,0,adventure
242,Death Game,6.3,26,88,adventure
243,Memes & Nightmares,5.7,92,81,adventure
244,Tapori Nayak,8.6,19,0,adventure
245,StarGazer: The Need of the Many,5.0,12,47,adventure
246,The Epic of Gilgamesh,6.0793103448275865,0,79,adventure
247,Peter Brook's the Mahabharata (8K),6.0793103448275865,0,173,adventure
248,Fuuto PI: Portrait of Kamen Rider Skull,7.4,49,82,adventure
249,Killer Witches from Outer Space,6.9,81,0,adventure
250,Poklad,4.5,46,100,adventure
251,Daye: Seret ahl el Daye,7.9,18,104,adventure
252,Il cammino: Viaggio in Calabria,9.7,6,58,adventure
253,Oscar Wilde About America,4.6,35,98,adventure
254,Spirit Riser,6.6,37,98,adventure
255,Dead Dead Demon's Dededede Destruction,7.1,149,120,adventure
256,Kodaikanal,9.2,71,173,adventure
257,Friendly Fire,6.1,68,105,adventure
258,Kvitebjørn,5.9,76,85,adventure
259,Duffle Bag Boy,6.8,60,0,adventure
260,Sentinelese,6.0793103448275865,0,90,adventure
261,Luigi's Mansion,6.2,19,60,adventure
262,Game of Death: The Six Doors to Hell,6.0793103448275865,0,145,adventure
263,Tulang Belulang Tulang,7.1,50,95,adventure
264,Håkan Bråkan 2,5.3,142,92,adventure
265,Goodbye Hamdi,6.6,12,85,adventure
266,Captain Avispa,5.7,180,96,adventure
267,Powder Pup,6.1,79,89,adventure
268,LasseMajas detektivbyrå - Maskoten som försvann,6.0,64,90,adventure
269,Letuchiy korabl,3.8,303,100,adventure
270,Transformers Prime: Galavatron's Revenge,4.5,16,104,adventure
271,Kade,6.3,17,92,adventure
272,Shadows of Betrayal: Chronicles of Ian Blair,7.5,14,65,adventure
273,Arctic Hollow,2.3,184,70,adventure
274,Champions of the Golden Valley,9.2,78,81,adventure
275,Troy the Bharat Putra,5.5,33,134,adventure
276,Family Vacation,6.6,6,0,adventure
277,Mr. Blue Shirt: The Inspiration,4.8,10,0,adventure
278,Steal the Naughty List,6.2,127,90,adventure
279,Benjamin Bat,7.8,33,75,adventure
280,Permafrost,5.7,115,80,adventure
281,The Slave and the Sorcerer,6.6,43,86,adventure
282,Finding Christmas,6.3,14,0,adventure
283,Dikkie Dik en de Verdwenen Knuffel,7.3,131,62,adventure
284,Cazatesoros,6.4,29,106,adventure
285,Fights Break Sphere 3,5.0,11,81,adventure
286,Tipppsy,8.1,33,115,adventure
287,Kiyma: Orman Kanunlari,3.9,40,81,adventure
288,STEVE (A Minecraft Movie),6.9,12,61,adventure
289,The Secret of Pin-Up Island,7.4,97,107,adventure
290,Masha i Medved v kino: Park chudes,7.4,18,58,adventure
291,The Trail,7.8,38,80,adventure
292,Uttarakaanda,6.0793103448275865,0,90,adventure
293,Satu - Year of the Rabbit,9.0,60,93,adventure
294,Dikkie Dik 2: Een Nieuwe Vriend voor Dikkie Dik,7.4,75,70,adventure
295,The Star City Murders,4.1,146,79,adventure
296,Yaren Leylek,5.4,37,95,adventure
297,Xibalba Monster,6.7,31,76,adventure
298,QAnon Avenue,10.0,7,57,adventure
299,Son of the Wolf,4.0,6,82,adventure
300,Nanoshark,5.6,22,0,adventure
301,Yolki 11,4.7,176,92,adventure
302,Shanghai Story,8.1,65,71,adventure
303,Rocky and Bullwinkle,9.2,16,100,adventure
304,The Yoshi Movie,7.9,14,105,adventure
305,Water Park,6.0793103448275865,0,25,adventure
306,Triple 7: They Said It Couldn't Be Done,8.5,14,97,adventure
307,Askepote,3.5,85,72,adventure
308,My Redneck Neighbor: Chapter 1 - The Rednecks Are Coming,6.4,10,74,adventure
309,Igrisca ne damo!,7.1,30,79,adventure
310,Lion King: A Tale of Mufasa,6.0793103448275865,0,90,adventure
311,Abudeka Is Back,5.4,41,120,adventure
312,Surge of Power: Where There's Smoke,5.9,14,68,adventure
313,Joachim and the Apocalypse,7.5,16,90,adventure
314,Molar,6.0793103448275865,0,117,adventure
315,Iron Dusk,5.2,20,0,adventure
316,Tri kota. Zimnie kanikuly,6.6,35,65,adventure
317,Hain,2.9,51,95,adventure
318,Hope & Glory,6.6,148,44,adventure
319,Die Chaosschwestern und Pinguin Paul,5.6,73,100,adventure
320,Orango,7.3,75,94,adventure
321,The Space in Between,6.0793103448275865,0,90,adventure
322,The Very Last Christmas,8.6,12,75,adventure
323,The Eye of the Salamander,8.4,21,81,adventure
324,Tales from the Table,6.0793103448275865,0,90,adventure
325,Samaya bolshaya luna,2.4,140,105,adventure
326,Stranded Pearl,6.0,27,90,adventure
327,Pui Pui Molcar the Movie: Molmax,7.0,9,69,adventure
328,Mobile Suit Gundam: Silver Phantom,6.1,13,90,adventure
329,Mountain Boy,8.3,28,93,adventure
330,Art Work,6.0793103448275865,0,91,adventure
331,De Legende van Familie Vos,5.7,59,81,adventure
332,Dünya Mali: Eksi Bir,7.2,18,133,adventure
333,Life with Quincy 3,6.0793103448275865,0,73,adventure
334,The Worlds Divide,7.9,40,120,adventure
335,Beyond existence,4.1,23,95,adventure
336,Ognivo,5.5,237,105,adventure
337,Penelope & Everly's Holiday Adventure,6.0793103448275865,0,90,adventure
338,The Forest,6.3,49,77,adventure
339,Bratya,2.8,131,103,adventure
340,Old Wild Mob,6.0793103448275865,0,90,adventure
341,Tay 2: Ebabil Takimi,4.9,45,78,adventure
342,Dogman Territory: Werewolves in the Land Between the Lakes,5.6,35,0,adventure
343,Road to Dreamland,6.0793103448275865,0,90,adventure
344,Kral Sakir: Devler Uyandi,5.3,69,0,adventure
345,Nothing Unusual,8.8,13,92,adventure
346,Xin Longmen kezhan,2.9,7,73,adventure
347,BAM!,7.0,30,80,adventure
348,Wonderful Precure! The Movie! Doki Doki Game no Sekai de Daiboken,6.8,36,71,adventure
349,Militant Monster 2024,8.7,29,0,adventure
350,Get Close 2,5.7,47,0,adventure
351,Tracing the Divide,8.8,173,84,adventure
352,Bar MoskvaChiki,5.2,105,91,adventure
353,Dragon Gate Inn,6.0793103448275865,0,90,adventure
354,Adam i Eva,5.1,95,95,adventure
355,Cacophony the Animated Movie,6.0793103448275865,0,81,adventure
356,Dreams,6.9,9,106,adventure
357,Anytime,8.9,25,62,adventure
358,Lo carga el diablo,7.6,29,103,adventure
359,Manyunya. Priklyucheniya v derevne,5.9,120,84,adventure
360,Turma da Mônica Jovem: Reflexos do Medo,2.8,259,88,adventure
361,Tur s Ivanushkami,5.3,161,111,adventure
362,The Cold Father,6.8,19,0,adventure
363,Moy dikiy drug,6.5,64,100,adventure
364,Operation Wakaliga: Fate and Blood,6.7,12,66,adventure
365,This Land of Mine,4.5,38,90,adventure
366,Dead Dead Demon's Dededede Destruction Zenpen,7.1,142,120,adventure
367,Heavens: The Boy and His Robot,6.3,22,98,adventure
368,Tri bogatyrya. Ni dnya bez podviga,5.8,74,61,adventure
369,The Sasqualogist,6.0793103448275865,0,89,adventure
370,Elephant Steps,6.9,41,0,adventure
371,The Umbrella Fairy,5.7,61,95,adventure
372,Manyunya. Priklyucheniya v Moskve,5.8,111,87,adventure
373,Aliens Uncovered: Buried Cities & Lost Tribes,8.4,12,0,adventure
374,Mortadella,8.4,8,90,adventure
375,Jaunt,8.7,8,78,adventure
376,Return,6.0793103448275865,0,90,adventure
377,Colour Palette,9.4,52,87,adventure
378,Xiang Xi Gui Shi,6.0793103448275865,0,72,adventure
379,The Puffins & the Magic Portal,7.8,34,0,adventure
380,Six Nine Five (695),7.0,707,137,adventure
381,Petualangan Anak Penangkap Hantu,5.9,27,99,adventure
382,Oyunda Kal: Eglence Arenasi,2.5,38,92,adventure
383,Chernyy zamok,5.0,57,115,adventure
384,Two Breaths,7.9,35,18,adventure
385,Advent,7.5,6,119,adventure
386,Dans l'ombre de Marlow,6.0793103448275865,0,80,adventure
387,Minecraft But I Survive Again in Parkour Civilization,8.8,31,0,adventure
388,Vikaasaparva,8.7,542,134,adventure
389,Spider-Man: Blue,5.8,12,0,adventure
390,The Farm,6.0793103448275865,0,104,adventure
391,The Last Five Days: The Freak Building,3.7,60,61,adventure
392,Piraty galaktiki Barrakuda,4.6,86,92,adventure
393,Mama,8.5,7,100,adventure
394,The Apples Gang: The Movie by Wright,6.0793103448275865,0,90,adventure
395,Baba Yaga spasaet Novyy god,4.4,121,99,adventure
396,Cândido,6.3,63,99,adventure
397,Famous Patrick (A Super SpongeBob Fan Movie),8.7,27,53,adventure
398,Wilhelm Gustloff,8.7,9,110,adventure
399,Suchana,8.7,511,90,adventure
400,Mera Number Beess,6.0793103448275865,0,109,adventure
401,Spooky Society,6.0793103448275865,0,90,adventure
402,Ivan Tsarevich i Seryy Volk 6,5.7,97,85,adventure
403,Altered,6.0793103448275865,0,90,adventure
404,Big Water Theory,6.0793103448275865,0,83,adventure
405,23 Horas,7.0,21,0,adventure
406,The Ballad of Straw Hat Sam,9.2,11,45,adventure
407,The Artifact,6.0793103448275865,0,108,adventure
408,Frankenstein Theater: The Magic Sword,4.1,24,82,adventure
409,Whites Only: Ade's Extremist Adventure,6.8,28,65,adventure
410,Dracu Ra,5.6,41,106,adventure
411,The Lost Colony,6.0793103448275865,0,90,adventure
412,Antarctic Voyage,6.8,6,48,adventure
413,Mukhadrakon,5.3,18,109,adventure
414,Vasilisa i khraniteli vremeni,3.2,69,98,adventure
415,"Fallen Leaves, Broken Lighters",7.7,8,96,adventure
416,La bruja del bosque oscuro,6.0793103448275865,0,92,adventure
417,"Bernadotte, Louise & Napoleon",6.0793103448275865,0,74,adventure
418,A New Dawn,6.0793103448275865,0,60,adventure
419,Superman: Jubilation,6.0793103448275865,0,176,adventure
420,Toy Kids: The Movie,6.0793103448275865,0,65,adventure
421,Let's Go! Anpanman: Baikinman and Lulun,6.5,7,64,adventure
422,The Bigfoot Prophecy,4.8,23,117,adventure
423,Historia de pastores,5.5,34,80,adventure
424,Boom!,8.3,11,90,adventure
425,Gladiator II: The Art and Making of the Ridley Scott Film,6.0793103448275865,0,90,adventure
426,Aruanda - Sentido da Vida,6.0793103448275865,0,90,adventure
427,Wild Boys,6.0793103448275865,0,119,adventure
428,Abar Arownne Din Ratri,8.0,8,111,adventure
429,Príncipe Lu e a Lenda do Dragão,4.1,29,90,adventure
430,Sathur: Part1,6.0793103448275865,0,90,adventure
431,Turbozavry. God drakona,9.2,43,48,adventure
432,Lakeside's Mission: Impossible,6.0793103448275865,0,90,adventure
433,Purgatorio,6.0793103448275865,0,59,adventure
434,La Familia del Barrio: La Película,4.5,7,0,adventure
435,Wonderland,6.8,13,120,adventure
436,Nature Cat's Nature Movie Special Extraordinaire,7.3,19,53,adventure
437,Zoloto Umalty,4.9,114,109,adventure
438,Moy lyubimyy chempion,2.3,421,95,adventure
439,The Puffins: Arctic Games,6.0793103448275865,0,90,adventure
440,Deux hommes un destin,6.0793103448275865,0,94,adventure
441,Treasure Fellowship,6.0793103448275865,0,86,adventure
442,The Last Survivor,6.0793103448275865,0,115,adventure
443,Mesken (Messuage),7.4,45,102,adventure
444,Road to Paradise,6.0793103448275865,0,76,adventure
445,Knight,6.0793103448275865,0,90,adventure
446,Ba Jie,6.0793103448275865,0,90,adventure
447,Il ricercatore,6.4,9,71,adventure
448,Novogodniy ekspress,8.5,8,47,adventure
449,One in a million chance,6.0793103448275865,0,70,adventure
450,One Day the Movie,6.0793103448275865,0,90,adventure
451,Isle: Alpha One,8.4,7,97,adventure
452,Pirates & Slaves,5.8,6,53,adventure
453,Longe da Estrada,6.0,9,68,adventure
454,Kyle and the Last Emerald 2,8.4,9,15,adventure
455,I am the girl 3 me and my girlfriend,6.0793103448275865,0,90,adventure
456,Alex and Mia's Awesome Movie!!,6.0793103448275865,0,75,adventure
457,Sehnsucht nach Firdaws,8.7,7,103,adventure
458,Applepictures the Poseidon Legacy,6.4,19,84,adventure
459,Emma,6.0793103448275865,0,90,adventure
460,Filmmaker,6.0793103448275865,0,97,adventure
461,My Only Relative.,6.0793103448275865,0,105,adventure
462,"Poymay sobaku, esli smozhesh",3.6,38,96,adventure
463,Kage & Celeste,6.0793103448275865,0,69,adventure
464,Tinpot & Yello,6.0793103448275865,0,51,adventure
465,Piri Reis: The Incredible Chart,7.0,27,138,adventure
466,Lost and Found,6.0793103448275865,0,60,adventure
467,PW V: Tears of the Fallen,8.2,11,60,adventure
468,LUDA,7.2,6,86,adventure
469,Cursed Waters: Creature of Lake Okanagan,6.0793103448275865,0,90,adventure
470,Mouse Tales Movie 2,6.0793103448275865,0,60,adventure
471,The Road to OVC Champions,6.0793103448275865,0,62,adventure
472,A Christmas Carol,9.8,11,39,adventure
473,Pueblo En Llamas,6.0793103448275865,0,82,adventure
474,Adrian,6.0793103448275865,0,90,adventure
475,Novyy god v Beryozovke,7.1,100,94,adventure
476,Suvorovets 1944,3.4,26,90,adventure
477,Gumshoe Jon and the Mystery of the Saucer Men - The Even Better Version,6.0793103448275865,0,90,adventure
478,Changle zhen gui shi,6.0793103448275865,0,88,adventure
479,Tayna Chyornoy Ruki,5.7,24,84,adventure
480,The Pizza Guys,6.0793103448275865,0,89,adventure
481,V potoke trekh stikhiy,5.2,42,85,adventure
482,"Women, Dreams and Bread",6.0793103448275865,0,90,adventure
483,The Ghost of Annie Lee,4.8,5,103,adventure
484,Target Jeremy,6.0793103448275865,0,90,adventure
485,The Dragon's Tomb,6.8,52,77,adventure
486,I racconti del mare,6.0793103448275865,0,89,adventure
487,Yasmeen's Element,7.6,21,76,adventure
488,Harmonie,6.0793103448275865,0,74,adventure
489,The Lost Coast,6.0793103448275865,0,90,adventure
490,The Lion Dog,6.0793103448275865,0,122,adventure
491,Dandelion,8.9,9,95,adventure
492,Hyacinthe,6.0793103448275865,0,90,adventure
493,Línguas de Fogo,6.0793103448275865,0,69,adventure
494,Gostya iz kosmosa,8.7,7,70,adventure
495,Mai Martaba,4.8,10,86,adventure
496,A Babá - Operação Game Over,4.9,11,0,adventure
497,Robo Puffin,6.0793103448275865,0,90,adventure
498,YA - medved,5.0,61,97,adventure
499,Luccas e Gi em: Dinossauros,3.5,28,91,adventure
500,Phantom Lights: UAPs of the Forest,6.0793103448275865,0,81,adventure
501,Skazochnyy patrul. Shou prodolzhayetsya,7.2,11,65,adventure
502,Isola degli sguardi,6.0793103448275865,0,90,adventure
503,Chyortov kamen,4.4,21,105,adventure
504,Wheelies Inc,6.0793103448275865,0,90,adventure
505,Lung ta - Cavalli al vento,6.0793103448275865,0,90,adventure
506,Analogistan,6.0793103448275865,0,85,adventure
507,L'Elisir di Leonardo da Vinci e la Banda del Buffardello,6.0793103448275865,0,90,adventure
508,Moving Targets,6.0793103448275865,0,90,adventure
509,The Long Quiet,6.0793103448275865,0,94,adventure
510,Madeline & Silverfrost,6.0793103448275865,0,90,adventure
511,Jake Danger and the Sword of the Explorer,6.0793103448275865,0,90,adventure
512,NJPW SMP: The Movie,6.0793103448275865,0,50,adventure
513,Tobia e i colori del mondo,3.7,7,0,adventure
514,Les Nouveaux Candides,6.0793103448275865,0,90,adventure
515,"Salem, SOS-ed!",6.0793103448275865,0,91,adventure
516,No More Trouble - Cosa rimane di una tempesta,8.6,20,97,adventure
517,Oda: Vlucht door de Eeuwen,6.4,7,0,adventure
518,Bear Kid: Super Hero,6.0793103448275865,0,80,adventure
519,The 9th Raider,6.0793103448275865,0,105,adventure
520,Banana Boat,5.5,21,78,adventure
521,Eroi in crestere: Aventura celor 7 ani de acasa,6.0793103448275865,0,90,adventure
522,Okhota na russkogo geniya,5.1,12,71,adventure
523,The Bigfoot prophecy 2,6.0793103448275865,0,118,adventure
524,Unhappy 25 Years Little Brat,6.0793103448275865,0,90,adventure
525,Marraia,6.0793103448275865,0,77,adventure
526,The Kingfish 2,7.9,11,72,adventure
527,Ngesot,4.8,18,87,adventure
528,Lajjpal,9.0,8,252,adventure
529,The Stand at Alder Creek,6.0793103448275865,0,53,adventure
530,Qianhe xiansheng,6.0793103448275865,0,82,adventure
531,Emu War: A Subtle Examination of the Sheer Caucasity of Colonialism,6.0793103448275865,0,90,adventure
532,Katzie in Marokko,6.0793103448275865,0,90,adventure
533,I V Y: World of the Future,6.0793103448275865,0,90,adventure
534,Selebryata,3.8,20,93,adventure
535,Non succederà più,6.0793103448275865,0,90,adventure
536,Fat Chance! the Movie,7.6,6,0,adventure
537,Hasta Que Nos Encontremos De Neuvo,6.0793103448275865,0,90,adventure
538,"Katarina, ili Doch razboynika",6.0793103448275865,0,157,adventure
539,DCLXVI,6.0793103448275865,0,200,adventure
540,Jackpot,6.0793103448275865,0,90,adventure
541,I'm Professional,3.7,8,95,adventure
542,Mult v kino. Vypusk # 174. Dobrye dela!,6.0793103448275865,0,48,adventure
543,Huaquero Tierra Maldita,6.0793103448275865,0,90,adventure
544,Soul Trekkers,6.0793103448275865,0,90,adventure
545,EP Break the Multiverse,6.0793103448275865,0,76,adventure
546,Florp's Solar Vacation,6.0793103448275865,0,2,adventure
547,The Veyshal Movie,6.0793103448275865,0,120,adventure
548,Yan Hu Ji Hua,6.0793103448275865,0,90,adventure
549,Once upon a bridge in Vietnam,6.0793103448275865,0,52,adventure
550,Lost & Found,6.0793103448275865,0,90,adventure
551,Across America,6.0793103448275865,0,48,adventure
552,Melissa's Birthday,6.0793103448275865,0,90,adventure
553,Tripping,6.0793103448275865,0,90,adventure
554,"Le Vrai Kaizen (Vod // La Cacabox Monte L'everest - Grimkujow, Potatoz, Mnkway, Diego, Hugo)",6.0793103448275865,0,63,adventure
555,Psycho Rhythm,6.0793103448275865,0,90,adventure
556,Captain Toad and the Mystery Mine,6.0793103448275865,0,77,adventure
557,Dream 1,6.0793103448275865,0,90,adventure
558,Dushu,6.0793103448275865,0,96,adventure
559,The Road Long,6.0793103448275865,0,90,adventure
560,Kleurenpalet 3: De Definitie Van Het Multiversum,6.0793103448275865,0,77,adventure
561,Le mystère de Waza,6.0793103448275865,0,90,adventure
562,Commonheart. from A Childish Mind.,6.0793103448275865,0,83,adventure
563,Mult v kino. Vypusk # 168: Idyom na piknik!,6.0793103448275865,0,51,adventure
564,"Montserrat, Integral 107",6.0793103448275865,0,85,adventure
565,7 Day Fast,6.0793103448275865,0,50,adventure
566,Nijari,6.0793103448275865,0,106,adventure
567,The Final Kick,6.0793103448275865,0,10,adventure
568,Upanga Kingdom,6.0793103448275865,0,115,adventure
569,Lapse,6.0793103448275865,0,90,adventure
570,Carjorski Clan: Tale of the Fallen Knight,6.0793103448275865,0,90,adventure
571,Pra Sempre,6.0793103448275865,0,75,adventure
572,Beyaz Zenciler: Yapim Asamasi,8.6,5,55,adventure
573,Sur les Chemins du Temps,6.0793103448275865,0,90,adventure
574,Summer on a solitary beach,6.0793103448275865,0,100,adventure
575,Son Though He Was: the Young Saint Francis of Assisi,6.0793103448275865,0,90,adventure
576,TAÏ: 33 jours dans la dernière forêt d'Afrique de l'Ouest,6.0793103448275865,0,90,adventure
577,Meorisogeul,6.0793103448275865,0,119,adventure
578,The Same Picture Group Holiday Special,6.0793103448275865,0,55,adventure
579,Mystic Odyssey,6.0793103448275865,0,144,adventure
580,My New Country Biacuimyneco,6.0793103448275865,0,95,adventure
581,The Koopas,6.0793103448275865,0,90,adventure
582,Vandringen,6.0793103448275865,0,78,adventure
583,The Moon Asks for Help,6.0793103448275865,0,96,adventure
584,Five Nights at TK's: The Curse of TK,6.0793103448275865,0,60,adventure
585,The Seed,6.0793103448275865,0,100,adventure
586,My World 2,6.0793103448275865,0,90,adventure
587,Unscripted - In the Heart of Africa,6.0793103448275865,0,82,adventure
588,The Redemption of Zack & Heather (Remastered),6.0793103448275865,0,90,adventure
589,Spin War,6.0793103448275865,0,104,adventure
590,El Regreso Del Campero 3,6.0793103448275865,0,81,adventure
591,Kamilota,6.0793103448275865,0,90,adventure
592,Demibook,6.0793103448275865,0,90,adventure
593,The Brofessors Return,6.0793103448275865,0,78,adventure
594,Cobrazilla,6.0793103448275865,0,60,adventure
595,Boyz,6.0793103448275865,0,132,adventure
596,Bragow,6.0793103448275865,0,120,adventure
597,ABC Life: The Movie,6.0793103448275865,0,60,adventure
598,Exipsosi,6.0793103448275865,0,90,adventure
599,Anywhere Wherever,6.0793103448275865,0,46,adventure
600,The Embers of Domsheria,6.0793103448275865,0,95,adventure
601,Stunts I,6.0793103448275865,0,90,adventure
602,New Day,6.0793103448275865,0,48,adventure
603,Geo Magazine,6.0793103448275865,0,90,adventure
604,The multiverse arc,6.0793103448275865,0,82,adventure
605,Maverick from the Edge,6.0793103448275865,0,107,adventure
606,Project Block,6.0793103448275865,0,66,adventure
607,Amphibia: Endgame,6.0793103448275865,0,84,adventure
608,Dream of Resurrection,6.0793103448275865,0,95,adventure
609,The Grand Stroke,6.0793103448275865,0,128,adventure
610,The Pray,6.0793103448275865,0,90,adventure
611,SITV Presents: Tabsentia,6.0793103448275865,0,80,adventure
